mean.,x,y,z
2000,175.67352999016595,175.673529990166,6.481146926371014e-14
